time,temperature_2m_mean,temperature_2m_max,temperature_2m_min,precipitation_sum,wind_speed_10m_max,wind_gusts_10m_max,sunshine_duration,daylight_duration,city
2023-07-23,26.6,30.1,24.0,26.3,14.8,28.8,20343.79,47566.65,Nagpur
2023-07-24,27.3,31.7,23.5,36.5,12.1,25.6,39970.46,47521.79,Nagpur
2023-07-25,27.8,31.8,24.4,2.6,14.0,30.6,42780.71,47475.82,Nagpur
2023-07-26,28.0,31.8,24.8,32.6,16.4,31.0,38139.06,47428.8,Nagpur
2023-07-27,27.0,31.7,24.8,49.5,18.0,35.6,37807.13,47380.76,Nagpur
2023-07-28,26.9,29.8,24.8,33.3,21.3,42.5,426.83,47331.78,Nagpur
2023-07-29,27.8,30.9,25.9,6.0,19.5,38.5,16524.75,47281.91,Nagpur
2023-07-30,27.6,31.9,24.9,1.1,19.1,41.0,17674.35,47231.19,Nagpur
2023-07-31,27.4,30.8,25.5,5.8,19.7,41.0,21545.49,47179.68,Nagpur
2023-08-01,28.3,31.8,25.6,1.2,22.0,46.4,38437.49,47127.45,Nagpur
2023-08-02,26.4,28.8,24.7,9.6,20.3,43.6,0.0,47074.52,Nagpur
2023-08-03,24.6,25.9,24.1,30.0,25.3,45.7,0.0,47020.96,Nagpur
2023-08-04,26.6,31.2,23.8,1.5,19.7,38.9,18426.75,46966.82,Nagpur
2023-08-05,27.4,31.4,24.4,1.5,19.6,43.9,40679.12,46912.14,Nagpur
2023-08-06,27.7,31.7,24.7,0.3,19.8,41.8,39747.95,46856.95,Nagpur
2023-08-07,27.1,30.4,24.9,0.1,20.3,42.5,40117.73,46800.85,Nagpur
2023-08-08,27.3,31.2,24.4,0.2,18.2,38.2,41460.94,46743.71,Nagpur
2023-08-09,27.2,31.6,23.6,2.1,17.6,38.2,33032.71,46685.61,Nagpur
2023-08-10,28.1,32.7,23.6,0.3,13.9,29.5,42903.22,46626.61,Nagpur
2023-08-11,27.9,31.8,24.6,0.7,14.5,29.9,41915.77,46566.75,Nagpur
2023-08-12,28.3,32.6,24.7,0.1,15.6,32.0,42667.84,46506.11,Nagpur
2023-08-13,27.6,31.2,24.5,0.7,14.5,30.6,39600.0,46444.73,Nagpur
2023-08-14,27.4,31.3,24.7,1.0,10.9,23.4,38342.62,46382.68,Nagpur
2023-08-15,27.2,30.8,24.4,1.9,13.0,27.7,40010.84,46320.01,Nagpur
2023-08-16,27.8,32.3,24.2,1.1,13.0,28.1,41751.43,46256.77,Nagpur
2023-08-17,27.8,33.0,25.2,15.8,15.3,33.1,27681.5,46193.03,Nagpur
2023-08-18,25.6,29.3,24.3,48.4,14.4,31.7,12845.47,46128.82,Nagpur
2023-08-19,25.3,28.0,23.8,33.4,16.2,33.5,11289.24,46064.21,Nagpur
2023-08-20,26.7,29.7,24.2,5.8,12.7,27.0,34922.39,45999.25,Nagpur
2023-08-21,27.0,30.7,24.3,1.9,14.6,29.2,38212.68,45933.98,Nagpur
2023-08-22,27.9,32.0,24.2,0.2,12.0,26.6,40599.59,45868.46,Nagpur
2023-08-23,27.2,30.6,24.7,21.7,15.0,34.2,33649.61,45802.73,Nagpur
2023-08-24,26.8,31.3,24.3,10.5,15.5,35.6,34386.91,45736.84,Nagpur
2023-08-25,27.5,30.7,24.5,0.8,17.8,35.3,35993.16,45670.85,Nagpur
2023-08-26,27.9,31.9,24.4,0.2,15.2,31.0,42210.81,45604.77,Nagpur
2023-08-27,27.6,31.9,24.1,0.0,13.9,29.5,42162.44,45538.16,Nagpur
2023-08-28,26.8,31.3,22.9,0.0,14.4,28.8,42093.41,45470.93,Nagpur
2023-08-29,26.5,31.4,22.0,1.4,15.4,33.1,39114.73,45403.09,Nagpur
2023-08-30,27.0,31.7,23.4,0.4,12.7,27.4,40625.03,45334.71,Nagpur
2023-08-31,27.8,32.8,23.7,0.2,10.7,25.9,40237.47,45265.84,Nagpur
2023-09-01,28.5,33.5,24.4,0.6,13.9,25.2,41141.68,45196.53,Nagpur
2023-09-02,28.7,33.8,25.2,5.9,11.0,25.6,28800.0,45126.83,Nagpur
2023-09-03,27.4,32.7,25.2,3.6,14.1,27.4,22077.66,45056.78,Nagpur
2023-09-04,28.4,34.2,24.8,1.7,16.9,40.7,39521.11,44986.44,Nagpur
2023-09-05,27.6,32.7,24.7,19.0,18.9,42.5,36000.0,44915.85,Nagpur
2023-09-06,26.2,29.9,24.0,7.2,10.1,21.2,31426.2,44845.06,Nagpur
2023-09-07,26.1,29.9,24.1,18.0,8.7,19.1,24444.66,44774.12,Nagpur
2023-09-08,26.1,29.6,23.9,13.3,14.8,25.9,27170.02,44703.06,Nagpur
2023-09-09,26.2,30.1,23.9,9.9,12.3,28.1,31450.51,44631.94,Nagpur
2023-09-10,26.4,29.4,24.0,11.2,17.9,33.8,26528.27,44560.8,Nagpur
2023-09-11,27.4,31.8,24.8,0.8,19.7,41.0,28526.41,44489.69,Nagpur
2023-09-12,27.1,31.4,24.7,1.5,19.9,42.5,20455.18,44418.64,Nagpur
2023-09-13,26.5,30.4,24.7,21.8,17.1,37.1,19618.07,44347.71,Nagpur
2023-09-14,26.0,30.3,23.8,40.5,17.4,32.8,18473.95,44276.93,Nagpur
2023-09-15,24.8,25.8,24.1,50.5,32.5,59.0,0.0,44206.32,Nagpur
2023-09-16,26.2,30.2,24.0,0.5,23.0,46.4,33789.93,44135.45,Nagpur
2023-09-17,26.7,30.7,23.2,0.5,15.7,31.7,39871.38,44064.18,Nagpur
2023-09-18,26.9,31.5,22.7,0.0,10.3,25.2,39600.0,43992.56,Nagpur
2023-09-19,27.6,31.9,22.6,0.0,8.4,21.2,39600.0,43920.63,Nagpur
2023-09-20,26.6,31.5,24.5,5.2,14.1,29.5,23772.46,43848.44,Nagpur
2023-09-21,25.6,30.0,23.6,18.0,14.3,36.7,21643.99,43776.04,Nagpur
2023-09-22,25.7,29.2,24.1,16.6,9.8,24.1,10263.12,43703.48,Nagpur
2023-09-23,25.3,28.2,23.3,39.5,11.2,20.5,768.41,43630.79,Nagpur
2023-09-24,26.9,30.9,23.2,6.9,15.6,42.8,34207.66,43558.04,Nagpur
2023-09-25,27.0,31.8,23.3,0.5,10.7,22.7,27753.3,43485.25,Nagpur
2023-09-26,26.8,30.7,24.2,2.0,12.5,26.3,26677.78,43412.49,Nagpur
2023-09-27,26.8,30.2,23.0,0.5,7.9,21.6,28029.94,43339.79,Nagpur
2023-09-28,27.6,31.9,23.6,0.0,11.6,20.2,38027.01,43267.2,Nagpur
2023-09-29,26.1,29.5,23.9,17.6,12.0,27.0,29666.53,43194.76,Nagpur
2023-09-30,26.4,31.0,23.4,6.5,11.1,31.7,35911.48,43122.53,Nagpur
2023-10-01,27.7,32.5,24.0,0.2,12.5,26.3,37937.31,43050.54,Nagpur
2023-10-02,27.7,32.2,23.2,4.7,14.8,29.5,31074.48,42978.86,Nagpur
2023-10-03,28.1,33.1,23.5,0.0,19.1,44.3,37557.17,42907.51,Nagpur
2023-10-04,26.3,33.1,21.3,0.0,16.4,31.7,39600.0,42836.55,Nagpur
2023-10-05,26.2,33.5,20.1,0.0,17.9,33.8,39600.0,42766.0,Nagpur
2023-10-06,26.0,33.4,19.9,0.0,15.0,29.9,39600.0,42695.39,Nagpur
2023-10-07,27.4,33.6,22.4,0.0,12.7,24.1,39600.0,42624.56,Nagpur
2023-10-08,28.2,34.4,23.9,0.0,12.5,23.4,39600.0,42553.57,Nagpur
2023-10-09,27.9,34.3,22.8,0.0,12.0,26.6,39600.0,42482.48,Nagpur
2023-10-10,28.2,34.5,22.4,0.0,12.5,22.3,39600.0,42411.33,Nagpur
2023-10-11,28.3,34.4,22.6,0.0,10.8,24.8,39600.0,42340.18,Nagpur
2023-10-12,27.4,33.5,21.0,0.0,9.4,21.6,37004.36,42269.07,Nagpur
2023-10-13,27.3,34.0,21.6,0.0,13.4,25.6,39579.81,42198.07,Nagpur
2023-10-14,27.0,33.6,20.6,0.0,9.9,20.9,39512.23,42127.23,Nagpur
2023-10-15,26.8,31.0,22.1,1.0,10.1,22.7,38890.54,42056.59,Nagpur
2023-10-16,27.4,32.6,21.5,0.3,7.1,18.4,39365.4,41986.23,Nagpur
2023-10-17,26.9,32.8,21.6,0.0,7.4,13.3,39292.3,41916.18,Nagpur
2023-10-18,27.0,32.6,22.2,0.0,8.9,19.4,39219.5,41846.51,Nagpur
2023-10-19,26.6,31.5,22.6,0.0,11.2,20.2,39147.03,41777.27,Nagpur
2023-10-20,25.9,31.7,21.4,0.3,12.6,27.4,39074.98,41708.53,Nagpur
2023-10-21,25.8,31.9,20.0,0.0,11.8,24.1,39003.41,41640.33,Nagpur
2023-10-22,25.4,32.6,19.1,0.0,13.9,28.4,38932.38,41572.74,Nagpur
2023-10-23,25.4,31.2,19.9,0.0,15.5,32.4,38861.96,41505.82,Nagpur
2023-10-24,24.9,31.4,19.2,0.0,14.1,29.2,38792.21,41439.63,Nagpur
2023-10-25,24.7,31.8,18.4,0.0,13.0,27.7,38723.1,41374.2,Nagpur
2023-10-26,24.7,31.8,18.2,0.0,15.5,29.9,38654.02,41309.0,Nagpur
2023-10-27,24.2,31.2,17.1,0.0,10.0,20.9,38584.94,41243.9,Nagpur
2023-10-28,24.4,31.1,17.6,0.0,9.4,19.1,38515.9,41178.94,Nagpur
2023-10-29,24.0,31.1,17.5,0.0,9.5,18.0,38446.97,41114.17,Nagpur
2023-10-30,24.2,30.9,17.9,0.0,11.0,26.3,38378.23,41049.68,Nagpur
2023-10-31,24.7,31.1,18.3,0.0,11.8,28.1,38309.74,40985.51,Nagpur
2023-11-01,24.9,31.2,19.6,0.0,13.8,31.0,38241.57,40921.73,Nagpur
2023-11-02,24.8,31.4,19.5,0.1,8.7,20.5,38173.79,40858.41,Nagpur
2023-11-03,25.4,32.0,19.3,0.0,11.5,23.0,38106.48,40795.61,Nagpur
2023-11-04,25.2,32.8,20.3,0.0,11.5,23.4,38039.71,40733.39,Nagpur
2023-11-05,24.7,32.3,19.0,0.0,11.4,26.3,37285.4,40671.82,Nagpur
2023-11-06,24.1,32.3,16.7,0.0,13.5,29.9,37908.1,40610.98,Nagpur
2023-11-07,24.2,32.2,17.3,0.0,9.9,24.1,37843.41,40550.93,Nagpur
2023-11-08,24.6,32.3,17.1,0.0,11.0,21.2,37779.57,40491.74,Nagpur
2023-11-09,24.4,32.3,17.6,0.0,10.4,19.1,37716.65,40433.48,Nagpur
2023-11-10,24.6,32.4,17.2,0.0,7.7,21.2,37654.77,40376.23,Nagpur
2023-11-11,25.6,32.9,18.8,0.0,9.1,18.0,37593.97,40320.04,Nagpur
2023-11-12,25.3,32.3,20.3,0.0,10.6,23.4,37534.37,40265.02,Nagpur
2023-11-13,24.2,31.4,16.8,0.0,10.5,23.4,37476.04,40211.22,Nagpur
2023-11-14,24.0,30.7,17.4,0.0,10.1,19.8,36712.47,40158.7,Nagpur
2023-11-15,23.6,30.3,17.4,0.0,10.2,22.0,37362.82,40106.95,Nagpur
2023-11-16,23.4,30.1,17.8,0.0,11.8,28.4,37307.22,40055.82,Nagpur
2023-11-17,23.5,30.0,17.6,0.0,9.7,23.0,37252.29,40005.37,Nagpur
2023-11-18,23.4,30.5,17.3,0.0,10.4,23.8,37198.09,39955.66,Nagpur
2023-11-19,24.1,31.6,17.6,0.0,9.8,23.0,37144.7,39906.75,Nagpur
2023-11-20,24.7,31.1,18.1,0.0,12.8,28.1,37092.18,39858.71,Nagpur
2023-11-21,24.6,30.8,18.9,0.0,9.5,24.8,37040.62,39811.6,Nagpur
2023-11-22,24.3,31.1,18.3,0.0,11.9,23.8,36990.07,39765.47,Nagpur
2023-11-23,23.9,31.1,17.5,0.0,9.9,24.8,36940.64,39720.39,Nagpur
2023-11-24,24.3,30.9,18.9,0.0,11.5,27.4,34203.98,39676.45,Nagpur
2023-11-25,24.2,30.6,18.2,0.0,9.6,24.1,36797.92,39633.68,Nagpur
2023-11-26,24.1,30.6,18.0,0.0,11.6,23.8,33812.98,39592.16,Nagpur
2023-11-27,21.5,24.6,19.1,1.5,10.0,23.4,14619.75,39551.96,Nagpur
2023-11-28,21.1,26.3,18.3,2.4,8.6,23.0,28667.61,39513.15,Nagpur
2023-11-29,21.2,26.4,16.9,14.1,8.7,28.1,28621.6,39475.79,Nagpur
2023-11-30,23.4,28.9,19.2,1.8,10.7,27.0,30156.61,39439.95,Nagpur
2023-12-01,23.9,28.8,20.6,0.0,10.1,23.8,16155.84,39405.7,Nagpur
2023-12-02,24.4,29.9,19.8,0.0,13.1,29.2,35581.38,39373.1,Nagpur
2023-12-03,24.4,30.1,19.9,0.0,14.4,31.7,34342.48,39342.23,Nagpur
2023-12-04,24.5,30.1,19.7,0.0,12.3,28.4,32797.54,39313.14,Nagpur
2023-12-05,23.7,27.9,20.8,1.3,16.3,35.3,27208.16,39285.51,Nagpur
2023-12-06,21.9,24.4,20.1,3.3,20.2,40.3,14385.54,39259.23,Nagpur
2023-12-07,21.5,25.1,19.1,1.3,10.5,24.5,17637.59,39234.33,Nagpur
2023-12-08,20.9,26.1,16.7,0.3,8.0,20.9,34938.45,39210.83,Nagpur
2023-12-09,21.2,27.1,16.3,0.0,9.1,21.6,35349.5,39188.77,Nagpur
2023-12-10,19.8,26.2,14.2,0.0,9.3,19.1,35697.15,39168.18,Nagpur
2023-12-11,19.9,26.6,13.6,0.0,9.2,18.0,35708.62,39149.08,Nagpur
2023-12-12,20.2,27.1,14.1,0.0,11.1,19.8,35505.8,39131.5,Nagpur
2023-12-13,20.8,27.1,15.0,0.0,10.1,24.8,35026.38,39115.47,Nagpur
2023-12-14,20.1,26.9,14.5,0.0,9.8,22.7,35539.24,39101.02,Nagpur
2023-12-15,20.0,26.5,14.0,0.0,8.8,23.0,35454.45,39088.16,Nagpur
2023-12-16,19.6,26.5,13.3,0.0,10.2,24.8,35575.5,39076.95,Nagpur
2023-12-17,19.5,25.7,13.4,0.0,9.4,24.1,35396.05,39067.38,Nagpur
2023-12-18,18.9,24.8,14.5,0.0,14.6,32.8,33745.54,39059.49,Nagpur
2023-12-19,17.8,24.3,13.1,0.0,14.8,32.8,34928.51,39053.31,Nagpur
2023-12-20,17.9,24.8,12.0,0.0,13.5,29.9,35372.13,39048.86,Nagpur
2023-12-21,18.5,25.8,11.7,0.0,11.1,26.3,35026.88,39046.17,Nagpur
2023-12-22,19.0,26.8,11.6,0.0,8.8,22.0,35059.39,39045.25,Nagpur
2023-12-23,20.2,28.1,13.9,0.0,10.2,20.9,35361.48,39046.13,Nagpur
2023-12-24,20.4,28.5,12.5,0.0,8.9,20.2,35301.72,39048.84,Nagpur
2023-12-25,20.6,28.6,14.0,0.0,9.3,19.1,35332.94,39053.39,Nagpur
2023-12-26,21.2,28.9,14.2,0.0,14.1,24.8,35365.39,39059.78,Nagpur
2023-12-27,20.9,28.3,14.3,0.0,10.0,23.8,35398.97,39067.98,Nagpur
2023-12-28,21.1,28.1,14.6,0.0,10.5,19.1,35202.25,39077.95,Nagpur
2023-12-29,21.4,28.1,14.9,0.0,9.2,18.7,35306.02,39089.66,Nagpur
2023-12-30,20.8,27.9,13.7,0.0,9.9,17.6,35425.4,39103.09,Nagpur
2023-12-31,21.3,28.1,14.5,0.0,11.1,20.5,35384.85,39118.2,Nagpur
2024-01-01,21.1,28.3,14.5,0.0,9.9,18.7,35425.25,39134.95,Nagpur
2024-01-02,21.1,28.5,14.1,0.0,10.7,18.4,35466.18,39153.32,Nagpur
2024-01-03,20.9,28.1,14.5,1.9,13.4,25.9,35507.55,39173.27,Nagpur
2024-01-04,21.3,27.6,15.9,0.0,7.8,16.9,35472.38,39194.77,Nagpur
2024-01-05,21.5,27.8,16.4,0.0,10.1,27.0,35517.61,39217.77,Nagpur
2024-01-06,21.1,26.3,17.5,3.3,12.5,26.3,35554.75,39242.26,Nagpur
2024-01-07,21.7,28.1,16.5,0.0,13.5,24.8,35603.63,39268.19,Nagpur
2024-01-08,21.6,28.0,16.6,0.0,8.6,15.1,35646.51,39295.53,Nagpur
2024-01-09,22.6,29.5,16.2,0.0,11.4,22.0,35689.17,39324.25,Nagpur
2024-01-10,22.8,28.1,19.2,0.4,8.3,17.6,23458.28,39354.3,Nagpur
2024-01-11,22.4,28.4,16.9,0.0,9.0,19.8,35762.3,39385.67,Nagpur
2024-01-12,23.2,29.4,17.3,0.0,13.0,26.6,35803.26,39418.3,Nagpur
2024-01-13,23.6,29.8,17.8,0.0,11.7,22.3,35843.92,39452.19,Nagpur
2024-01-14,23.5,29.7,17.5,0.0,12.0,21.2,35896.86,39487.7,Nagpur
2024-01-15,21.8,27.9,16.7,0.0,13.4,25.6,35938.33,39524.91,Nagpur
2024-01-16,21.1,28.1,14.9,0.0,9.7,21.2,35980.05,39563.75,Nagpur
2024-01-17,21.9,28.9,15.7,0.5,10.1,20.5,36000.0,39604.15,Nagpur
2024-01-18,22.0,27.0,17.6,0.3,14.0,26.6,36000.0,39646.04,Nagpur
2024-01-19,21.5,27.4,16.0,0.0,12.7,25.6,36000.0,39689.34,Nagpur
2024-01-20,22.0,27.9,17.5,0.6,11.8,28.4,35002.17,39733.98,Nagpur
2024-01-21,21.4,27.3,16.5,1.1,15.6,27.0,36000.0,39779.9,Nagpur
2024-01-22,21.1,27.5,14.6,0.0,10.2,22.3,36000.0,39827.03,Nagpur
2024-01-23,21.9,27.8,18.1,4.0,13.5,32.0,36000.0,39875.29,Nagpur
2024-01-24,19.1,25.8,14.5,0.0,10.2,22.3,36003.17,39924.61,Nagpur
2024-01-25,17.5,24.6,11.7,0.0,10.6,26.3,36073.91,39974.94,Nagpur
2024-01-26,17.9,25.7,10.6,0.0,10.6,24.1,36072.59,40026.2,Nagpur
2024-01-27,18.8,26.7,11.6,0.0,11.8,21.2,36071.13,40078.33,Nagpur
2024-01-28,19.4,28.0,10.8,0.0,9.5,18.7,36000.0,40131.26,Nagpur
2024-01-29,20.6,29.0,12.5,0.0,11.1,22.3,36000.0,40184.93,Nagpur
2024-01-30,21.6,28.4,15.3,0.0,11.4,19.1,36000.0,40239.28,Nagpur
2024-01-31,21.9,28.8,14.0,0.0,13.4,27.7,34811.25,40294.24,Nagpur
2024-02-01,22.8,29.5,16.8,0.0,8.7,16.6,36000.0,40349.75,Nagpur
2024-02-02,22.8,29.2,16.8,0.0,11.6,23.8,36058.11,40405.79,Nagpur
2024-02-03,21.8,28.6,15.7,0.0,11.1,25.2,36136.88,40462.87,Nagpur
2024-02-04,22.9,30.2,15.4,0.0,8.7,19.4,36134.8,40521.14,Nagpur
2024-02-05,24.4,32.7,16.5,0.0,14.1,30.2,36132.4,40580.53,Nagpur
2024-02-06,24.6,32.8,17.6,0.0,11.6,22.7,36133.13,40640.95,Nagpur
2024-02-07,23.7,30.0,17.9,0.0,16.9,30.2,36126.62,40702.34,Nagpur
2024-02-08,21.9,28.0,17.6,0.0,12.9,29.2,36123.22,40764.63,Nagpur
2024-02-09,20.5,28.0,14.5,0.0,11.3,27.0,36273.0,40827.74,Nagpur
2024-02-10,21.3,28.0,15.0,1.7,14.2,34.2,36207.11,40891.6,Nagpur
2024-02-11,21.9,28.5,17.2,2.3,16.1,33.5,36110.68,40956.14,Nagpur
2024-02-12,22.8,29.1,17.6,0.4,13.2,32.0,33701.61,41021.29,Nagpur
2024-02-13,24.0,30.6,17.3,0.0,14.5,31.3,36000.0,41087.0,Nagpur
2024-02-14,23.6,30.7,18.0,0.0,10.3,19.4,35370.65,41153.17,Nagpur
2024-02-15,23.1,28.6,18.5,0.0,26.6,49.0,36187.98,41219.76,Nagpur
2024-02-16,23.7,30.6,17.9,0.1,12.2,26.6,36385.4,41286.7,Nagpur
2024-02-17,24.4,31.2,18.2,0.0,10.7,23.8,36280.23,41353.92,Nagpur
2024-02-18,24.4,31.6,17.5,0.0,11.1,23.8,36053.58,41421.36,Nagpur
2024-02-19,25.3,33.1,17.3,0.0,12.9,25.2,32302.67,41488.96,Nagpur
2024-02-20,25.6,33.2,19.2,0.0,11.2,24.8,36265.92,41556.66,Nagpur
2024-02-21,24.6,32.9,17.0,0.0,15.8,31.0,37188.73,41624.41,Nagpur
2024-02-22,24.0,30.1,20.0,0.0,15.5,31.7,37189.17,41692.15,Nagpur
2024-02-23,22.8,29.6,16.4,0.0,10.1,25.2,37104.65,41760.44,Nagpur
2024-02-24,23.8,30.8,16.7,0.0,15.0,26.3,37202.02,41829.42,Nagpur
2024-02-25,24.4,31.4,17.1,0.0,12.5,28.4,37530.69,41899.05,Nagpur
2024-02-26,23.6,28.3,20.1,4.0,15.1,35.6,24991.94,41969.27,Nagpur
2024-02-27,24.7,31.3,19.5,9.0,15.5,31.7,36960.26,42040.0,Nagpur
2024-02-28,25.0,31.2,19.3,0.0,13.7,23.0,37295.95,42111.21,Nagpur
2024-02-29,25.7,33.5,17.9,0.0,12.7,28.1,38001.1,42182.82,Nagpur
2024-03-01,26.8,34.7,18.5,0.0,11.1,21.6,38127.72,42254.79,Nagpur
2024-03-02,26.3,32.3,22.0,0.3,17.3,31.3,31568.83,42327.04,Nagpur
2024-03-03,26.8,33.5,21.2,0.0,18.1,35.6,37047.14,42399.54,Nagpur
2024-03-04,25.7,31.7,21.1,0.0,13.7,27.7,37362.8,42472.22,Nagpur
2024-03-05,25.5,33.8,18.1,0.0,14.7,28.8,38763.13,42545.04,Nagpur
2024-03-06,26.8,34.1,19.7,0.0,15.1,27.0,36504.29,42617.93,Nagpur
2024-03-07,26.8,34.3,19.2,0.0,15.5,27.4,39129.49,42690.84,Nagpur
2024-03-08,26.5,34.1,18.7,0.0,12.7,27.0,39333.11,42763.72,Nagpur
2024-03-09,27.1,34.8,19.4,0.0,19.3,36.7,38827.03,42836.52,Nagpur
2024-03-10,28.1,36.1,20.4,0.0,14.6,31.7,39101.25,42909.18,Nagpur
2024-03-11,29.1,36.8,21.8,0.0,18.3,35.6,39491.4,42981.64,Nagpur
2024-03-12,29.6,36.9,20.9,0.0,15.8,30.2,39543.69,43053.86,Nagpur
2024-03-13,29.5,36.7,22.0,0.0,18.6,39.2,39710.25,43125.81,Nagpur
2024-03-14,28.3,35.9,20.4,0.0,15.5,31.7,39763.07,43197.98,Nagpur
2024-03-15,28.3,35.9,20.4,0.0,10.7,24.1,39584.64,43270.54,Nagpur
2024-03-16,28.2,36.2,23.1,1.1,18.9,45.0,39404.25,43343.41,Nagpur
2024-03-17,27.1,32.9,21.3,2.8,14.8,51.8,39104.78,43416.57,Nagpur
2024-03-18,26.9,33.9,22.5,0.5,27.6,50.8,35899.93,43489.95,Nagpur
2024-03-19,24.4,29.3,20.5,4.3,13.9,29.9,38400.57,43563.53,Nagpur
2024-03-20,23.1,30.4,17.7,3.1,11.4,48.6,39852.48,43637.23,Nagpur
2024-03-21,24.9,32.7,15.9,0.0,15.8,27.0,39906.95,43711.03,Nagpur
2024-03-22,26.9,35.0,19.3,0.0,10.3,22.7,40561.56,43784.86,Nagpur
2024-03-23,27.5,36.9,18.8,0.0,12.8,24.1,39895.55,43858.68,Nagpur
2024-03-24,29.0,37.8,19.8,0.0,9.8,19.1,40070.65,43932.45,Nagpur
2024-03-25,30.4,38.0,21.7,0.0,13.7,27.7,40611.56,44006.12,Nagpur
2024-03-26,30.7,38.3,22.4,0.0,12.4,27.7,39397.88,44079.63,Nagpur
2024-03-27,30.8,38.2,23.5,0.0,13.4,27.4,40478.57,44152.94,Nagpur
2024-03-28,31.8,39.8,23.9,0.0,12.6,29.9,40779.56,44226.0,Nagpur
2024-03-29,32.8,40.0,25.1,0.0,13.1,23.8,40216.08,44298.76,Nagpur
2024-03-30,32.1,39.0,26.1,0.1,13.7,32.4,38717.79,44371.17,Nagpur
2024-03-31,30.8,38.5,25.4,0.0,13.0,44.3,39627.63,44443.18,Nagpur
2024-04-01,31.7,40.2,23.6,0.0,18.0,37.1,41127.14,44514.74,Nagpur
2024-04-02,32.6,40.3,25.7,0.0,14.8,31.7,41380.95,44585.82,Nagpur
2024-04-03,32.3,40.1,24.9,0.0,10.1,23.0,40246.67,44656.88,Nagpur
2024-04-04,33.3,41.3,25.7,0.0,18.1,38.2,40118.13,44728.07,Nagpur
2024-04-05,33.0,40.0,24.6,0.0,16.7,33.1,41008.02,44799.34,Nagpur
2024-04-06,33.6,40.1,27.7,0.0,17.1,31.0,41265.44,44870.66,Nagpur
2024-04-07,30.7,36.3,24.9,0.7,22.2,46.1,36960.46,44941.95,Nagpur
2024-04-08,28.4,35.5,22.5,0.9,21.5,40.3,40238.56,45013.2,Nagpur
2024-04-09,27.7,34.7,22.9,11.1,24.5,51.1,40625.51,45084.33,Nagpur
2024-04-10,28.2,35.8,21.3,0.4,17.6,42.5,39845.21,45155.3,Nagpur
2024-04-11,26.6,32.7,20.4,1.1,16.6,35.3,40481.74,45226.08,Nagpur
2024-04-12,26.7,31.7,22.2,2.8,12.0,31.7,41280.75,45296.59,Nagpur
2024-04-13,26.9,32.3,21.7,6.3,17.6,35.3,38129.62,45366.8,Nagpur
2024-04-14,29.4,35.7,23.1,0.0,12.2,25.2,40625.18,45436.66,Nagpur
2024-04-15,30.1,38.3,24.0,0.4,14.8,32.0,40625.09,45506.1,Nagpur
2024-04-16,31.2,38.8,24.3,0.0,25.5,49.3,40225.36,45575.08,Nagpur
2024-04-17,32.6,40.0,24.6,0.0,10.8,26.6,41427.39,45643.55,Nagpur
2024-04-18,32.6,40.8,24.0,0.0,10.5,26.3,41430.52,45711.45,Nagpur
2024-04-19,33.7,41.9,24.6,0.0,11.1,23.8,41838.18,45778.71,Nagpur
2024-04-20,34.6,41.2,27.2,0.0,13.8,28.4,41436.77,45845.3,Nagpur
2024-04-21,34.0,40.3,28.2,0.0,12.9,45.4,40896.04,45911.14,Nagpur
2024-04-22,31.3,38.6,25.5,0.4,23.9,46.4,36750.76,45976.22,Nagpur
2024-04-23,30.0,36.6,25.0,1.1,16.3,35.6,40623.51,46040.96,Nagpur
2024-04-24,30.7,39.1,24.8,0.4,18.2,46.4,40898.52,46105.51,Nagpur
2024-04-25,31.9,38.2,25.0,0.0,23.4,43.2,39793.25,46169.81,Nagpur
2024-04-26,32.9,41.8,24.7,0.0,23.4,58.3,39928.19,46233.82,Nagpur
2024-04-27,33.0,41.0,26.1,0.1,15.6,49.0,37596.27,46297.48,Nagpur
2024-04-28,33.0,40.1,27.4,0.6,15.5,34.9,39995.8,46360.75,Nagpur
2024-04-29,32.8,39.1,26.7,0.3,14.5,40.0,40621.0,46423.57,Nagpur
2024-04-30,34.3,42.0,26.9,0.0,19.9,39.2,42173.74,46485.89,Nagpur
2024-05-01,34.7,41.5,28.4,0.0,20.6,41.4,42394.55,46547.66,Nagpur
2024-05-02,32.9,39.8,25.4,0.0,18.7,32.0,42574.44,46608.81,Nagpur
2024-05-03,32.5,40.8,23.3,0.0,12.5,27.7,42591.95,46669.29,Nagpur
2024-05-04,33.0,42.0,23.6,0.0,13.0,28.1,42609.5,46729.05,Nagpur
2024-05-05,35.1,42.6,26.1,0.0,18.5,36.7,42347.59,46788.03,Nagpur
2024-05-06,35.3,41.4,30.2,0.0,25.0,48.6,36603.45,46846.17,Nagpur
2024-05-07,32.3,40.2,24.6,1.5,26.5,65.2,40906.18,46903.41,Nagpur
2024-05-08,31.7,38.9,24.6,0.0,18.9,39.6,42366.62,46959.68,Nagpur
2024-05-09,32.0,37.3,26.9,0.1,21.4,44.6,42366.9,47014.93,Nagpur
2024-05-10,32.2,40.4,26.2,7.4,16.6,38.5,39999.69,47069.1,Nagpur
2024-05-11,34.3,41.3,27.3,0.0,17.1,33.1,41244.16,47122.12,Nagpur
2024-05-12,33.3,39.3,27.6,2.2,12.1,40.3,40738.45,47173.95,Nagpur
2024-05-13,32.2,37.4,26.4,0.3,16.1,37.4,39049.02,47224.97,Nagpur
2024-05-14,33.0,39.6,26.3,0.6,14.4,33.8,41294.65,47275.3,Nagpur
2024-05-15,32.5,38.5,25.9,0.0,15.8,28.8,37683.38,47324.89,Nagpur
2024-05-16,30.6,35.2,26.7,1.2,15.5,48.2,39600.0,47373.71,Nagpur
2024-05-17,30.3,34.8,26.3,7.0,14.8,26.6,26032.07,47421.68,Nagpur
2024-05-18,33.0,39.6,25.9,0.0,17.1,31.3,40812.19,47468.79,Nagpur
2024-05-19,32.3,40.1,26.3,14.2,18.1,46.1,39539.65,47514.96,Nagpur
2024-05-20,32.9,40.8,27.3,10.5,29.5,55.8,40244.91,47560.16,Nagpur
2024-05-21,35.2,42.6,29.7,0.5,17.7,45.0,41739.84,47604.34,Nagpur
2024-05-22,33.4,41.8,26.8,1.3,12.9,35.6,30238.08,47647.43,Nagpur
2024-05-23,34.1,42.0,28.2,0.9,18.1,54.0,39600.0,47689.41,Nagpur
2024-05-24,35.8,43.6,27.5,0.0,16.2,52.6,39940.74,47730.2,Nagpur
2024-05-25,35.2,41.6,28.1,0.2,17.0,38.5,40332.88,47769.76,Nagpur
2024-05-26,37.4,44.8,29.5,0.0,27.4,54.4,38667.54,47808.05,Nagpur
2024-05-27,38.4,45.4,32.1,0.0,27.0,54.0,43447.92,47845.0,Nagpur
2024-05-28,38.0,44.5,31.7,0.0,20.4,43.2,42904.16,47880.56,Nagpur
2024-05-29,37.0,43.9,30.3,0.0,21.3,38.2,43745.29,47914.68,Nagpur
2024-05-30,37.4,44.0,30.5,0.0,17.3,33.1,42275.51,47947.32,Nagpur
2024-05-31,37.7,44.4,31.5,0.0,20.9,42.5,43663.57,47978.41,Nagpur
2024-06-01,37.6,43.9,32.0,0.0,18.4,51.5,39809.13,48007.91,Nagpur
2024-06-02,34.9,42.7,29.3,3.2,21.6,50.8,32107.07,48036.07,Nagpur
2024-06-03,33.0,39.5,26.7,1.6,22.9,43.6,38145.43,48062.94,Nagpur
2024-06-04,33.3,40.8,27.3,1.2,25.2,44.6,34497.98,48088.51,Nagpur
2024-06-05,32.6,40.3,26.3,1.9,23.2,45.4,40555.58,48112.75,Nagpur
2024-06-06,34.3,41.3,28.2,0.2,14.4,31.7,34606.97,48135.64,Nagpur
2024-06-07,33.0,39.3,26.8,0.3,27.5,49.3,39378.17,48157.17,Nagpur
2024-06-08,32.7,39.9,26.3,3.8,20.7,40.0,42646.06,48177.3,Nagpur
2024-06-09,32.6,38.8,26.4,0.4,20.6,41.0,41825.12,48196.03,Nagpur
2024-06-10,32.9,39.1,26.9,1.7,18.3,35.3,41011.83,48213.31,Nagpur
2024-06-11,32.5,40.4,26.4,1.1,19.1,37.4,43130.44,48229.14,Nagpur
2024-06-12,30.4,37.3,25.8,2.3,12.2,38.2,29366.01,48243.5,Nagpur
2024-06-13,32.6,39.6,27.9,4.2,22.0,41.0,35207.92,48256.36,Nagpur
2024-06-14,32.4,39.6,27.6,0.3,19.9,40.7,38422.95,48267.7,Nagpur
2024-06-15,32.7,39.1,27.0,0.1,14.3,30.2,42245.78,48277.51,Nagpur
2024-06-16,31.6,37.3,26.8,7.0,13.5,25.2,39600.0,48285.76,Nagpur
2024-06-17,31.9,37.3,27.4,0.0,15.2,42.5,40575.61,48292.45,Nagpur
2024-06-18,31.4,37.0,26.9,6.3,15.2,32.8,34978.66,48297.54,Nagpur
2024-06-19,30.1,36.5,26.4,6.5,19.2,42.5,27286.11,48301.02,Nagpur
2024-06-20,30.0,36.4,25.4,12.1,13.8,30.6,27362.55,48302.88,Nagpur
2024-06-21,28.0,33.2,25.4,18.0,15.5,31.7,16571.99,48303.09,Nagpur
2024-06-22,27.3,30.9,24.9,16.6,10.3,22.0,15452.53,48301.65,Nagpur
2024-06-23,27.3,31.7,24.1,22.8,10.0,22.0,41360.77,48298.55,Nagpur
2024-06-24,27.8,32.4,24.5,4.7,11.9,25.6,35648.08,48293.83,Nagpur
2024-06-25,29.6,34.4,24.9,1.1,10.9,26.6,43320.03,48287.49,Nagpur
2024-06-26,30.7,34.9,26.3,1.2,12.7,25.2,43201.28,48279.57,Nagpur
2024-06-27,28.1,33.5,25.2,24.9,15.6,35.3,32797.54,48270.08,Nagpur
2024-06-28,27.9,31.8,24.9,24.8,18.9,34.2,20962.94,48259.04,Nagpur
2024-06-29,27.7,30.7,25.3,2.7,16.4,34.6,13761.38,48246.48,Nagpur
2024-06-30,27.9,31.5,25.6,7.1,25.5,46.4,27588.3,48232.43,Nagpur
2024-07-01,27.2,29.7,24.5,5.8,21.6,45.4,8508.79,48216.89,Nagpur
2024-07-02,26.7,31.0,24.9,23.7,23.4,45.4,17884.95,48199.91,Nagpur
2024-07-03,27.8,31.1,24.9,0.2,18.6,37.4,15227.99,48181.5,Nagpur
2024-07-04,27.8,31.4,24.8,11.2,20.5,39.6,25149.83,48161.7,Nagpur
2024-07-05,27.4,31.6,24.5,8.7,19.5,42.1,30101.14,48140.51,Nagpur
2024-07-06,27.6,32.8,24.7,5.5,19.9,38.9,38635.89,48117.97,Nagpur
2024-07-07,26.6,29.9,24.6,12.8,14.8,29.2,16521.45,48094.1,Nagpur
2024-07-08,27.4,31.7,24.6,16.6,8.7,19.4,33967.6,48068.93,Nagpur
2024-07-09,27.2,32.0,24.3,12.9,14.1,28.1,36077.04,48042.49,Nagpur
2024-07-10,26.6,31.2,23.8,12.4,13.3,29.2,25306.96,48014.8,Nagpur
2024-07-11,27.7,30.6,24.8,2.4,15.3,33.5,33824.13,47985.87,Nagpur
2024-07-12,27.7,31.6,24.6,12.0,15.9,31.3,31495.37,47955.45,Nagpur
2024-07-13,27.4,31.9,25.0,16.3,16.8,36.4,34619.84,47923.48,Nagpur
2024-07-14,27.0,31.3,24.4,19.7,13.5,28.8,25229.41,47890.0,Nagpur
2024-07-15,27.0,30.9,24.3,16.4,11.3,25.9,30248.46,47855.09,Nagpur
2024-07-16,26.9,30.7,24.5,27.1,11.2,24.5,27631.09,47818.78,Nagpur
2024-07-17,26.8,31.4,24.9,29.4,15.9,31.7,16861.63,47781.13,Nagpur
2024-07-18,27.5,31.0,24.6,4.9,15.0,30.2,29626.54,47742.21,Nagpur
2024-07-19,27.7,31.5,24.6,25.0,17.1,33.1,35978.02,47702.05,Nagpur
2024-07-20,26.5,30.2,25.0,69.1,16.2,36.4,6393.11,47660.72,Nagpur
2024-07-21,26.7,30.8,24.8,80.2,19.2,36.4,17236.56,47618.27,Nagpur
2024-07-22,25.7,27.8,24.9,52.4,20.6,37.1,0.0,47574.74,Nagpur
2024-07-23,26.2,28.4,24.1,28.7,23.1,42.5,5974.55,47530.19,Nagpur
2024-07-24,25.5,28.1,24.1,22.0,23.5,45.7,1741.8,47484.68,Nagpur
2024-07-25,26.9,31.1,24.3,6.7,19.7,38.9,29798.52,47438.23,Nagpur
2024-07-26,26.3,28.5,24.6,7.5,18.6,38.5,10265.75,47390.93,Nagpur
2024-07-27,25.7,27.8,24.3,24.6,22.3,41.4,0.0,47342.8,Nagpur
2024-07-28,25.8,28.1,24.0,22.3,17.5,32.4,1362.0,47293.9,Nagpur
2024-07-29,26.4,30.3,23.4,11.8,20.3,40.0,25396.36,47244.29,Nagpur
2024-07-30,26.8,30.6,24.3,14.5,15.8,37.8,28642.96,47193.98,Nagpur
2024-07-31,27.1,30.3,24.9,10.7,12.6,28.4,9782.93,47143.04,Nagpur
2024-08-01,25.5,28.0,24.4,38.2,17.6,37.8,2148.83,47091.05,Nagpur
2024-08-02,25.1,26.0,24.1,19.7,20.0,39.6,0.0,47037.91,Nagpur
2024-08-03,25.1,27.5,24.0,12.6,20.3,39.6,0.0,46983.7,Nagpur
2024-08-04,25.0,27.2,23.7,42.7,22.5,44.6,3243.74,46928.46,Nagpur
2024-08-05,26.5,30.1,23.5,5.8,16.9,35.3,32836.29,46872.26,Nagpur
2024-08-06,26.9,31.3,24.3,3.2,14.2,32.4,31309.13,46815.16,Nagpur
2024-08-07,25.6,27.9,23.7,10.0,13.0,29.5,3724.69,46757.22,Nagpur
2024-08-08,25.5,27.8,23.8,16.8,15.7,36.7,10572.72,46698.49,Nagpur
2024-08-09,26.0,29.3,22.6,0.9,12.4,26.6,27655.3,46639.04,Nagpur
2024-08-10,25.7,30.1,23.5,9.4,11.9,29.2,20609.47,46578.92,Nagpur
2024-08-11,26.1,29.6,23.6,14.7,15.2,31.3,31993.21,46518.18,Nagpur
2024-08-12,27.0,30.5,23.7,0.8,12.0,26.6,37358.47,46456.88,Nagpur
2024-08-13,27.4,30.7,24.0,2.6,12.1,29.2,40529.65,46395.07,Nagpur
2024-08-14,26.8,30.6,25.1,21.4,13.1,36.7,16890.77,46332.81,Nagpur
2024-08-15,26.3,29.5,24.9,33.1,13.2,29.9,17143.06,46270.14,Nagpur
2024-08-16,26.4,29.2,24.6,8.1,12.9,28.1,22688.9,46207.13,Nagpur
2024-08-17,27.2,29.9,24.8,1.3,11.4,26.6,28602.02,46143.81,Nagpur
2024-08-18,27.1,30.2,25.0,8.6,7.9,18.0,22283.51,46080.24,Nagpur
2024-08-19,26.8,31.4,24.0,10.2,12.5,27.0,25338.09,46016.46,Nagpur
2024-08-20,26.8,30.6,23.8,4.7,10.3,27.0,33732.09,45952.51,Nagpur
2024-08-21,27.4,30.8,24.4,8.9,7.8,21.6,26313.73,45887.95,Nagpur
2024-08-22,27.0,30.6,25.0,21.6,11.3,25.2,24267.51,45822.65,Nagpur
2024-08-23,26.4,30.0,24.0,10.6,16.7,33.1,23162.89,45756.68,Nagpur
2024-08-24,25.3,27.6,23.7,15.2,17.3,36.7,2853.86,45690.08,Nagpur
2024-08-25,24.3,25.5,23.3,24.3,23.3,42.1,0.0,45622.9,Nagpur
2024-08-26,26.1,29.5,23.4,0.4,21.3,40.7,36089.34,45555.21,Nagpur
2024-08-27,27.2,31.0,23.6,0.9,16.3,32.8,39791.61,45487.05,Nagpur
2024-08-28,27.4,31.4,23.8,0.5,12.9,28.1,39825.36,45418.48,Nagpur
2024-08-29,26.2,30.2,24.0,8.1,11.7,22.7,28145.97,45349.53,Nagpur
2024-08-30,25.9,29.6,24.0,16.3,13.0,30.2,22267.36,45280.27,Nagpur
2024-08-31,26.3,30.0,23.5,27.3,14.8,33.5,25300.76,45210.73,Nagpur
2024-09-01,27.0,31.4,23.2,33.4,21.2,40.7,41137.48,45140.97,Nagpur
2024-09-02,26.1,29.4,24.8,11.4,15.9,32.8,22595.64,45071.04,Nagpur
2024-09-03,27.0,30.7,24.2,2.3,13.7,28.4,40877.64,45000.98,Nagpur
2024-09-04,26.7,30.5,23.9,3.2,12.8,28.4,32400.0,44930.84,Nagpur
2024-09-05,26.5,30.1,23.9,11.0,14.0,27.4,19925.31,44860.66,Nagpur
2024-09-06,27.2,30.9,24.0,7.8,8.0,20.9,39600.0,44790.48,Nagpur
2024-09-07,26.8,31.0,24.0,6.6,15.8,32.0,39803.03,44720.36,Nagpur
2024-09-08,26.6,30.8,24.3,9.0,15.9,31.7,24939.44,44650.34,Nagpur
2024-09-09,26.9,31.0,24.4,19.1,18.5,37.1,17527.56,44580.43,Nagpur
2024-09-10,25.4,25.9,24.7,58.0,17.5,31.7,0.0,44510.21,Nagpur
2024-09-11,26.9,30.7,24.7,3.2,23.8,47.2,35412.29,44439.53,Nagpur
2024-09-12,26.9,30.7,24.6,1.2,19.9,38.5,38958.23,44368.45,Nagpur
2024-09-13,26.4,30.4,23.8,7.9,14.0,32.8,35211.97,44297.0,Nagpur
2024-09-14,26.5,30.4,23.2,0.0,14.6,29.5,33170.96,44225.25,Nagpur
2024-09-15,26.0,30.2,22.4,0.5,13.8,28.8,39455.88,44153.23,Nagpur
2024-09-16,26.6,30.5,22.9,0.2,17.9,36.4,35228.52,44081.0,Nagpur
2024-09-17,27.4,30.7,25.1,0.1,19.5,45.0,33168.64,44008.6,Nagpur
2024-09-18,26.8,31.2,23.8,0.4,15.6,32.0,39600.0,43936.07,Nagpur
2024-09-19,26.5,31.4,22.3,1.5,12.2,24.5,39607.98,43863.45,Nagpur
2024-09-20,27.3,32.2,23.5,0.6,10.0,23.8,38722.12,43790.8,Nagpur
2024-09-21,27.6,31.9,24.4,5.5,12.6,26.3,39600.0,43718.16,Nagpur
2024-09-22,26.8,31.1,23.4,5.9,12.6,29.5,29208.58,43645.57,Nagpur
2024-09-23,26.9,31.4,24.2,7.2,11.0,23.0,21872.97,43573.09,Nagpur
2024-09-24,26.3,30.2,24.4,16.2,11.3,28.1,17667.62,43500.74,Nagpur
2024-09-25,25.7,29.8,23.6,24.0,9.7,21.6,20511.04,43428.59,Nagpur
2024-09-26,25.7,29.2,23.5,49.3,10.7,22.3,27099.0,43356.66,Nagpur
2024-09-27,25.8,28.5,24.2,18.7,16.0,31.0,8800.4,43285.01,Nagpur
2024-09-28,26.8,30.1,24.1,0.8,17.1,35.3,38645.4,43213.68,Nagpur
2024-09-29,27.2,31.5,23.8,2.9,13.0,25.9,39600.0,43142.7,Nagpur
2024-09-30,27.9,32.0,23.6,0.4,12.3,26.6,39600.0,43071.6,Nagpur
2024-10-01,28.2,32.7,23.9,0.1,8.3,19.1,39600.0,43000.23,Nagpur
2024-10-02,28.8,33.9,24.4,0.0,11.7,25.6,39600.0,42928.65,Nagpur
2024-10-03,28.8,34.3,24.5,0.0,12.9,27.0,39600.0,42856.91,Nagpur
2024-10-04,28.3,33.3,24.2,0.0,10.8,24.5,39600.0,42785.05,Nagpur
2024-10-05,27.0,33.1,22.6,19.3,17.3,29.5,39600.0,42713.13,Nagpur
2024-10-06,27.3,32.7,23.1,1.7,13.5,32.0,39600.0,42641.2,Nagpur
2024-10-07,27.3,32.1,22.5,0.0,8.7,22.0,39600.0,42569.3,Nagpur
2024-10-08,27.2,31.8,23.4,0.5,6.5,16.9,37578.98,42497.49,Nagpur
2024-10-09,25.9,30.8,23.0,5.4,13.0,23.4,36000.0,42425.83,Nagpur
2024-10-10,26.5,31.6,22.1,0.2,10.2,19.1,39600.0,42354.35,Nagpur
2024-10-11,26.3,31.2,23.3,4.1,11.3,24.5,31035.52,42283.12,Nagpur
2024-10-12,25.6,29.3,22.3,7.1,12.1,25.9,28148.6,42212.18,Nagpur
2024-10-13,26.4,31.0,23.0,13.5,8.0,20.9,35991.59,42141.59,Nagpur
2024-10-14,27.1,31.7,23.0,0.1,10.4,24.1,39454.29,42071.4,Nagpur
2024-10-15,27.3,31.8,23.2,0.3,9.0,22.0,39381.74,42001.66,Nagpur
2024-10-16,27.4,31.5,23.6,0.4,8.5,22.0,39309.62,41932.44,Nagpur
2024-10-17,27.8,32.5,23.9,0.7,11.5,24.5,39237.98,41863.79,Nagpur
2024-10-18,27.7,32.4,24.2,0.3,10.5,21.2,39166.91,41795.75,Nagpur
2024-10-19,26.8,31.8,23.0,9.8,10.4,23.8,35939.59,41728.36,Nagpur
2024-10-20,25.9,31.2,22.7,0.8,10.6,24.8,29618.62,41661.12,Nagpur
2024-10-21,26.2,31.3,21.1,0.0,8.0,20.5,38954.81,41593.86,Nagpur
2024-10-22,26.2,31.0,21.9,0.0,7.7,19.1,38213.99,41526.64,Nagpur
2024-10-23,26.4,32.8,21.7,0.0,12.6,27.0,38813.05,41459.52,Nagpur
2024-10-24,25.6,31.5,21.2,0.0,17.1,34.6,38742.24,41392.57,Nagpur
2024-10-25,26.1,32.1,20.8,0.0,16.0,32.4,38671.56,41325.84,Nagpur
2024-10-26,26.2,32.3,21.7,0.0,13.5,27.7,38601.07,41259.38,Nagpur
2024-10-27,25.8,31.3,20.3,0.0,9.4,21.6,37388.2,41193.27,Nagpur
2024-10-28,26.5,31.5,22.1,0.2,10.3,18.7,38460.96,41127.57,Nagpur
2024-10-29,26.9,32.6,22.6,0.3,7.2,20.9,38345.98,41062.34,Nagpur
2024-10-30,27.8,33.3,22.5,0.0,7.5,21.2,38322.47,40997.64,Nagpur
2024-10-31,27.3,33.0,22.2,0.0,9.9,25.6,38254.01,40933.54,Nagpur
2024-11-01,26.8,33.7,20.3,0.0,8.7,20.5,38186.18,40870.1,Nagpur
2024-11-02,26.5,33.3,20.5,0.0,9.2,20.9,35702.66,40807.4,Nagpur
2024-11-03,26.4,32.2,22.3,0.0,10.3,21.6,35027.35,40745.5,Nagpur
2024-11-04,25.4,31.8,19.9,0.0,8.8,20.5,37987.17,40684.47,Nagpur
2024-11-05,25.4,31.3,20.2,0.0,8.7,20.5,37922.61,40624.38,Nagpur
2024-11-06,24.9,31.1,18.6,0.0,8.4,22.0,37859.06,40565.3,Nagpur
2024-11-07,24.8,30.4,20.0,0.0,9.0,17.6,37796.61,40507.32,Nagpur
2024-11-08,24.4,30.4,19.2,0.0,8.9,19.1,37735.28,40450.46,Nagpur
2024-11-09,24.6,30.3,18.8,0.0,8.6,18.7,37123.55,40394.21,Nagpur
2024-11-10,25.3,30.8,19.9,0.0,9.7,24.1,36436.71,40338.41,Nagpur
2024-11-11,24.6,30.1,19.4,0.0,10.9,24.5,37554.31,40283.13,Nagpur
2024-11-12,24.6,30.4,18.6,0.0,9.0,23.4,37494.98,40228.43,Nagpur
2024-11-13,25.0,30.3,19.5,0.0,8.8,27.4,37436.27,40174.37,Nagpur
2024-11-14,24.7,30.1,19.4,0.0,8.9,28.1,37378.25,40121.01,Nagpur
2024-11-15,24.2,29.9,18.6,0.0,8.4,23.8,37321.0,40068.43,Nagpur
2024-11-16,23.9,29.6,18.1,0.0,7.9,25.9,37264.58,40016.68,Nagpur
2024-11-17,23.6,29.2,17.9,0.0,10.3,24.8,37209.09,39965.84,Nagpur
2024-11-18,23.4,28.9,17.4,0.0,9.1,29.2,37154.59,39915.96,Nagpur
2024-11-19,23.1,28.6,16.8,0.0,9.8,22.7,37101.18,39867.13,Nagpur
2024-11-20,22.9,28.1,17.5,0.0,11.4,23.8,37048.91,39819.41,Nagpur
2024-11-21,22.9,28.4,17.2,0.0,8.8,24.5,36997.89,39772.88,Nagpur
2024-11-22,22.6,28.0,17.1,0.0,9.5,25.9,36948.19,39727.59,Nagpur
2024-11-23,22.3,28.2,16.1,0.0,8.9,22.3,36899.89,39683.62,Nagpur
2024-11-24,21.9,28.2,15.4,0.0,8.6,22.3,36853.09,39641.06,Nagpur
2024-11-25,22.0,28.2,16.1,0.0,8.6,25.2,36807.86,39599.96,Nagpur
2024-11-26,22.0,28.3,15.5,0.0,8.9,24.8,36764.29,39560.41,Nagpur
2024-11-27,22.2,28.2,16.6,0.0,10.8,29.2,36722.48,39522.47,Nagpur
2024-11-28,21.5,27.3,16.1,0.0,13.1,36.7,36682.53,39486.21,Nagpur
2024-11-29,21.5,27.6,15.4,0.0,12.5,34.9,36644.15,39451.22,Nagpur
2024-11-30,22.8,28.8,16.8,0.0,11.0,32.0,35451.99,39417.4,Nagpur
2024-12-01,23.8,28.9,18.6,0.0,11.4,31.3,32175.45,39384.78,Nagpur
2024-12-02,24.7,29.9,19.9,0.0,13.9,34.2,24103.23,39353.4,Nagpur
2024-12-03,25.5,29.3,21.6,0.1,10.6,31.0,32433.77,39323.3,Nagpur
2024-12-04,26.1,30.4,21.7,1.0,9.4,26.3,34519.67,39294.52,Nagpur
2024-12-05,26.5,32.1,21.7,0.0,9.1,24.8,35333.65,39267.11,Nagpur
2024-12-06,25.8,30.0,21.9,1.4,10.5,27.7,35100.57,39241.11,Nagpur
2024-12-07,25.4,29.9,21.6,0.5,9.4,20.9,35258.53,39216.55,Nagpur
2024-12-08,24.8,30.1,20.9,1.3,10.5,29.5,33295.02,39193.48,Nagpur
2024-12-09,23.4,28.6,18.9,0.0,13.6,29.5,35586.95,39171.93,Nagpur
2024-12-10,20.6,26.4,15.6,0.0,11.3,29.2,35817.91,39151.95,Nagpur
2024-12-11,19.6,25.6,13.7,0.0,9.1,25.2,35719.92,39133.59,Nagpur
2024-12-12,20.0,26.6,13.5,0.0,9.0,20.5,35731.88,39116.87,Nagpur
2024-12-13,20.1,26.4,14.8,0.0,11.7,31.7,35640.0,39101.84,Nagpur
2024-12-14,19.1,25.9,13.2,0.0,11.2,28.8,35757.66,39088.54,Nagpur
2024-12-15,18.9,25.5,12.2,0.0,10.6,23.4,35771.45,39077.01,Nagpur
2024-12-16,19.7,26.7,13.2,0.0,9.4,22.3,35586.48,39067.28,Nagpur
2024-12-17,19.8,27.5,12.3,0.0,8.9,19.8,35604.57,39059.39,Nagpur
2024-12-18,20.3,27.6,13.1,0.0,8.2,21.6,35526.73,39053.38,Nagpur
2024-12-19,21.3,27.9,13.3,0.0,8.6,27.0,35548.33,39049.18,Nagpur
2024-12-20,24.0,29.8,18.8,0.0,9.6,22.0,35103.15,39046.73,Nagpur
2024-12-21,23.6,29.8,18.8,0.0,12.5,29.5,35319.07,39046.04,Nagpur
2024-12-22,22.2,28.4,16.4,0.0,9.3,24.8,35348.9,39047.09,Nagpur
2024-12-23,23.0,29.0,17.0,0.0,13.2,30.6,35290.71,39049.85,Nagpur
2024-12-24,24.1,28.8,18.3,0.0,10.1,26.3,35236.52,39054.3,Nagpur
2024-12-25,23.8,28.8,19.1,0.0,12.7,31.0,35126.64,39060.45,Nagpur
2024-12-26,23.7,28.5,18.9,0.0,10.1,29.2,35224.09,39068.27,Nagpur
2024-12-27,24.1,29.0,19.4,0.6,11.6,33.1,27254.81,39077.74,Nagpur
2024-12-28,24.2,29.6,19.9,1.6,12.7,38.5,35234.43,39088.85,Nagpur
2024-12-29,23.0,28.0,18.6,0.7,9.0,27.0,35271.89,39101.56,Nagpur
2024-12-30,23.7,29.3,18.9,0.0,9.6,28.1,35309.94,39115.88,Nagpur
2024-12-31,23.2,29.5,17.8,0.0,10.9,29.2,35421.62,39131.77,Nagpur
2025-01-01,21.1,27.4,16.1,0.0,10.1,26.3,35462.01,39149.21,Nagpur
2025-01-02,20.5,28.4,13.4,0.0,11.3,25.2,35578.05,39168.19,Nagpur
2025-01-03,21.6,29.3,14.8,0.0,10.3,23.0,35617.47,39188.69,Nagpur
2025-01-04,21.6,28.7,15.5,0.0,9.5,27.0,35656.88,39210.68,Nagpur
2025-01-05,21.2,28.0,14.6,0.0,7.6,23.0,35696.17,39234.13,Nagpur
2025-01-06,21.3,28.1,14.7,0.0,8.5,17.6,33572.45,39259.05,Nagpur
2025-01-07,21.6,28.2,15.9,0.0,12.3,29.9,35631.62,39285.4,Nagpur
2025-01-08,18.8,25.6,12.9,0.0,10.9,25.6,35743.13,39313.49,Nagpur
2025-01-09,19.4,26.5,12.4,0.0,8.1,24.8,35784.0,39343.38,Nagpur
2025-01-10,20.3,26.9,13.3,0.0,9.0,23.8,35755.6,39374.99,Nagpur
2025-01-11,21.2,27.4,14.7,0.0,9.9,22.3,35797.89,39408.27,Nagpur
2025-01-12,22.8,28.6,17.0,0.0,8.6,25.9,35829.29,39443.14,Nagpur
2025-01-13,22.1,27.3,17.8,0.0,11.9,25.6,35872.07,39479.55,Nagpur
2025-01-14,21.7,27.6,15.6,0.0,9.7,27.7,35915.19,39517.42,Nagpur
2025-01-15,22.4,27.8,16.8,0.0,11.7,33.1,34257.38,39556.69,Nagpur
2025-01-16,22.1,25.5,17.6,0.0,10.6,22.0,22786.98,39597.31,Nagpur
2025-01-17,22.7,27.7,18.9,0.0,11.9,34.2,32440.42,39639.2,Nagpur
2025-01-18,21.8,27.7,16.2,0.0,9.9,30.6,36009.72,39682.3,Nagpur
2025-01-19,21.9,29.1,15.4,0.0,9.2,23.0,36078.52,39726.56,Nagpur
2025-01-20,22.6,29.8,16.1,0.0,8.8,24.1,36077.91,39771.9,Nagpur
2025-01-21,23.0,30.5,16.2,0.0,8.3,20.5,36077.22,39818.27,Nagpur
2025-01-22,23.2,30.9,15.7,0.0,8.6,21.2,36076.4,39865.6,Nagpur
2025-01-23,24.0,30.9,17.0,0.0,8.5,25.6,36003.9,39913.84,Nagpur
2025-01-24,24.2,30.7,17.6,0.0,13.2,27.0,36002.14,39962.92,Nagpur
2025-01-25,24.4,30.6,18.0,0.0,9.8,27.4,36000.16,40012.8,Nagpur
2025-01-26,24.4,31.1,18.5,0.0,10.3,24.5,36071.78,40063.39,Nagpur
2025-01-27,24.0,31.0,17.0,0.0,9.8,23.8,36070.22,40114.7,Nagpur
2025-01-28,24.5,31.2,17.8,0.0,9.6,20.5,36068.44,40167.2,Nagpur
2025-01-29,25.6,32.0,18.7,0.0,9.8,25.2,36000.0,40221.04,Nagpur
2025-01-30,27.0,32.9,21.2,0.0,13.5,37.4,36064.14,40276.13,Nagpur
2025-01-31,26.9,33.3,20.1,0.0,14.1,33.8,36061.59,40332.4,Nagpur
2025-02-01,27.1,33.2,20.4,0.0,12.9,36.0,36058.75,40389.78,Nagpur
2025-02-02,26.9,33.3,20.5,0.0,11.2,32.8,36055.62,40448.18,Nagpur
2025-02-03,27.9,34.5,21.5,0.0,10.2,24.1,36135.14,40507.54,Nagpur
2025-02-04,28.1,34.6,21.7,0.0,12.0,32.0,36048.39,40567.78,Nagpur
2025-02-05,27.9,34.2,21.9,0.0,13.8,28.8,36130.03,40628.83,Nagpur
2025-02-06,25.7,31.7,20.5,0.0,12.6,32.8,36127.01,40690.62,Nagpur
2025-02-07,24.8,31.5,18.9,0.0,11.6,31.3,36212.31,40753.08,Nagpur
2025-02-08,25.5,32.5,18.9,0.0,10.5,27.0,36210.1,40816.14,Nagpur
2025-02-09,26.4,33.2,19.7,0.0,9.1,22.7,36359.35,40879.73,Nagpur
2025-02-10,27.6,34.2,20.2,0.0,10.2,26.6,36297.79,40943.79,Nagpur
2025-02-11,28.5,35.3,21.9,0.0,11.6,33.1,36347.46,41008.25,Nagpur
2025-02-12,27.4,33.6,21.6,0.0,13.5,36.0,36603.35,41073.04,Nagpur
2025-02-13,25.4,31.9,19.6,0.0,13.9,31.7,36698.59,41138.11,Nagpur
2025-02-14,24.8,31.9,18.0,0.0,11.6,27.4,36796.17,41203.39,Nagpur
2025-02-15,25.8,33.4,17.4,0.0,11.8,33.8,36795.32,41268.81,Nagpur
2025-02-16,27.2,34.9,18.8,0.0,12.1,29.9,36985.79,41334.35,Nagpur
2025-02-17,27.5,34.3,20.5,0.0,9.5,20.2,36895.39,41400.54,Nagpur
2025-02-18,27.8,34.6,21.1,0.0,17.1,42.5,36894.08,41467.56,Nagpur
2025-02-19,28.3,34.4,22.0,0.0,14.2,35.6,36798.18,41535.32,Nagpur
2025-02-20,28.3,34.6,21.7,0.0,14.7,31.7,37093.14,41603.77,Nagpur
2025-02-21,27.8,34.2,21.1,0.0,14.5,38.5,37299.06,41672.85,Nagpur
2025-02-22,27.2,33.9,21.0,0.0,16.6,40.0,37300.57,41742.49,Nagpur
2025-02-23,27.0,33.8,20.6,0.0,11.8,34.6,37626.29,41812.63,Nagpur
2025-02-24,26.8,33.2,20.5,0.0,12.3,31.3,37630.46,41883.21,Nagpur
2025-02-25,27.0,33.0,21.1,0.0,12.4,35.6,37749.93,41954.18,Nagpur
2025-02-26,27.6,34.4,21.0,0.0,11.0,31.0,37856.03,42025.46,Nagpur
2025-02-27,28.1,34.7,21.4,0.0,10.7,31.0,37979.38,42097.02,Nagpur
2025-02-28,28.8,35.8,20.5,0.0,9.8,26.6,37638.95,42168.77,Nagpur
2025-03-01,29.3,35.8,22.6,0.0,12.9,37.1,38022.22,42240.67,Nagpur
2025-03-02,29.8,36.8,23.1,0.0,16.6,44.3,34771.4,42312.66,Nagpur
2025-03-03,29.5,35.8,22.6,0.0,13.2,32.8,38368.19,42384.69,Nagpur
2025-03-04,29.7,36.8,22.4,0.0,16.4,35.3,38734.0,42456.7,Nagpur
2025-03-05,26.6,31.9,21.1,0.0,15.3,37.1,39162.93,42528.63,Nagpur
2025-03-06,25.8,33.7,18.0,0.0,13.7,31.3,39214.36,42600.43,Nagpur
2025-03-07,27.2,35.3,18.1,0.0,10.3,28.4,39265.6,42672.05,Nagpur
2025-03-08,28.7,36.9,19.9,0.0,12.7,30.6,39316.58,42743.45,Nagpur
2025-03-09,29.6,36.5,22.8,0.0,11.9,28.4,39367.87,42815.14,Nagpur
2025-03-10,29.9,36.7,23.2,0.0,15.4,32.0,39419.89,42887.29,Nagpur
2025-03-11,30.4,37.5,23.7,0.0,12.5,26.3,39472.54,42959.82,Nagpur
2025-03-12,31.8,39.3,23.3,0.0,13.2,37.1,39525.77,43032.71,Nagpur
2025-03-13,32.6,39.5,24.3,0.0,16.3,42.5,39350.56,43105.89,Nagpur
2025-03-14,32.5,39.5,24.8,0.0,16.2,40.7,39633.64,43179.32,Nagpur
2025-03-15,32.4,39.0,24.7,0.0,11.9,34.2,39340.93,43252.96,Nagpur
2025-03-16,32.9,39.1,25.7,0.0,20.1,50.8,39393.89,43326.73,Nagpur
2025-03-17,31.9,38.9,25.3,0.0,21.2,52.9,39564.04,43400.61,Nagpur
2025-03-18,31.7,38.2,24.6,0.0,11.4,30.6,38444.11,43474.54,Nagpur
2025-03-19,32.2,38.6,25.5,0.0,14.5,39.6,39790.12,43548.47,Nagpur
2025-03-20,32.5,38.4,26.8,0.0,17.7,47.2,37965.31,43622.36,Nagpur
2025-03-21,31.4,37.7,25.9,0.0,16.6,42.5,39899.18,43696.14,Nagpur
2025-03-22,30.2,36.6,23.2,0.0,13.9,30.2,40193.09,43769.79,Nagpur
2025-03-23,30.6,37.0,23.2,0.0,11.7,33.8,40609.34,43843.24,Nagpur
2025-03-24,30.5,36.9,23.5,0.0,16.2,33.1,40665.76,43916.44,Nagpur
2025-03-25,30.9,37.9,23.6,0.0,12.0,28.1,40843.23,43989.36,Nagpur
2025-03-26,31.8,39.0,23.7,0.0,10.7,26.6,40899.26,44061.92,Nagpur
2025-03-27,33.0,40.1,25.0,0.0,14.2,38.9,40954.66,44134.09,Nagpur
2025-03-28,34.5,41.1,27.5,0.0,15.9,41.0,39901.46,44205.85,Nagpur
2025-03-29,33.5,40.2,26.5,0.0,17.3,39.2,40816.74,44277.64,Nagpur
2025-03-30,33.1,40.2,26.3,0.0,11.7,31.0,41118.88,44349.63,Nagpur
2025-03-31,33.4,39.8,26.2,0.0,13.7,34.9,40625.86,44421.77,Nagpur
2025-04-01,32.9,38.6,28.0,0.0,13.3,33.8,39624.0,44494.0,Nagpur
2025-04-02,31.3,36.9,26.0,0.0,12.9,35.3,39600.0,44566.3,Nagpur
2025-04-03,28.9,33.0,23.8,1.3,11.7,34.9,36688.78,44638.6,Nagpur
2025-04-04,29.8,37.0,23.8,0.0,9.0,26.6,40752.56,44710.86,Nagpur
2025-04-05,31.3,38.7,23.1,0.0,12.1,27.4,41262.19,44783.04,Nagpur
2025-04-06,33.0,40.7,24.5,0.0,17.4,46.1,41392.51,44855.07,Nagpur
2025-04-07,33.4,41.1,24.4,0.0,15.1,29.5,41267.25,44926.93,Nagpur
2025-04-08,33.4,40.5,27.1,0.0,13.5,32.8,40883.32,44998.55,Nagpur
2025-04-09,33.0,39.6,26.5,0.0,15.8,55.4,41401.66,45069.9,Nagpur
2025-04-10,33.4,40.5,26.5,0.0,15.8,55.1,40365.91,45140.9,Nagpur
2025-04-11,33.9,41.8,26.5,0.0,18.1,46.4,41277.41,45211.53,Nagpur
2025-04-12,33.3,39.0,28.0,0.5,21.5,55.4,41018.2,45281.72,Nagpur
2025-04-13,33.5,40.6,25.8,0.0,12.2,30.6,40494.02,45351.42,Nagpur
2025-04-14,33.1,40.3,25.9,0.0,11.7,38.9,40493.39,45420.59,Nagpur
2025-04-15,33.6,40.7,26.6,0.0,10.1,29.2,41287.72,45489.15,Nagpur
2025-04-16,32.8,39.4,25.7,0.0,10.7,28.1,40625.09,45557.07,Nagpur
2025-04-17,34.1,40.6,28.1,0.0,13.6,37.8,41560.07,45624.3,Nagpur
2025-04-18,35.3,42.2,27.9,0.0,11.5,30.6,40758.88,45691.31,Nagpur
2025-04-19,36.1,43.4,28.8,0.0,16.4,41.0,41204.16,45758.22,Nagpur
2025-04-20,36.0,42.9,28.8,0.0,18.9,46.1,41706.45,45824.98,Nagpur
2025-04-21,36.1,43.0,29.0,0.0,16.6,42.1,41982.38,45891.56,Nagpur
2025-04-22,36.6,43.5,29.3,0.0,11.0,29.5,41987.8,45957.9,Nagpur
2025-04-23,36.4,43.9,28.5,0.0,24.4,58.7,41856.27,46023.94,Nagpur
2025-04-24,36.4,43.9,28.2,0.0,20.9,51.1,41586.04,46089.64,Nagpur
2025-04-25,36.0,43.3,27.9,0.0,14.3,34.2,40622.91,46154.94,Nagpur
2025-04-26,35.9,41.6,29.9,0.0,16.3,41.8,38367.58,46219.8,Nagpur
2025-04-27,32.4,39.2,26.0,9.4,14.1,58.7,36120.13,46284.14,Nagpur
2025-04-28,34.1,40.9,27.3,0.0,17.3,45.7,41880.53,46347.94,Nagpur
2025-04-29,34.1,41.1,26.7,0.0,16.2,43.2,41744.91,46411.11,Nagpur
2025-04-30,34.6,41.5,26.3,0.0,15.7,42.1,42313.29,46473.61,Nagpur
2025-05-01,33.5,40.4,26.6,0.0,13.8,35.6,41611.68,46535.39,Nagpur
2025-05-02,32.8,40.5,25.6,0.0,13.1,37.8,40972.13,46596.38,Nagpur
2025-05-03,33.3,41.8,26.7,0.5,19.3,55.4,41671.83,46656.51,Nagpur
2025-05-04,31.4,38.6,25.3,0.1,14.9,44.3,40188.08,46715.74,Nagpur
2025-05-05,32.4,39.3,25.7,0.0,15.4,53.3,41049.59,46773.99,Nagpur
2025-05-06,32.2,38.1,25.4,0.0,14.3,38.5,42207.39,46831.21,Nagpur
2025-05-07,31.3,36.9,25.9,0.0,18.6,49.3,42253.05,46887.36,Nagpur
2025-05-08,32.0,38.1,25.2,0.0,14.3,39.2,41815.94,46942.84,Nagpur
2025-05-09,33.3,38.7,27.6,0.0,14.5,34.2,41521.68,46997.78,Nagpur
2025-05-10,33.8,40.3,28.6,0.1,20.2,49.3,41641.86,47052.12,Nagpur
2025-05-11,33.6,39.0,28.7,0.0,14.9,38.2,40505.4,47105.82,Nagpur
2025-05-12,32.5,37.3,27.2,0.2,10.2,31.3,34057.87,47158.84,Nagpur
2025-05-13,32.8,38.9,28.7,0.2,19.1,49.3,36219.81,47211.11,Nagpur
2025-05-14,33.3,39.6,27.4,0.0,18.5,50.4,41957.67,47262.59,Nagpur
2025-05-15,33.0,37.2,28.9,0.4,11.0,34.6,37627.12,47313.23,Nagpur
2025-05-16,32.0,39.8,27.8,8.4,21.5,52.6,34725.11,47362.96,Nagpur
2025-05-17,30.9,37.6,26.4,0.7,11.3,30.6,40987.9,47411.75,Nagpur
2025-05-18,31.8,37.3,26.6,0.5,8.3,24.5,41589.55,47459.53,Nagpur
2025-05-19,32.1,38.3,25.8,0.2,14.1,40.7,38066.95,47506.25,Nagpur
2025-05-20,33.2,40.5,27.0,0.1,8.2,27.4,41516.13,47551.86,Nagpur
2025-05-21,32.0,38.7,26.6,4.0,22.5,56.2,37730.29,47596.3,Nagpur
2025-05-22,27.1,28.8,24.5,1.5,10.4,24.8,6922.96,47639.5,Nagpur
2025-05-23,29.3,34.2,24.9,0.0,10.3,27.4,40538.87,47681.42,Nagpur
2025-05-24,28.4,33.0,24.7,4.5,9.5,24.5,25734.02,47722.0,Nagpur
2025-05-25,28.4,32.9,24.4,5.6,13.3,33.5,39024.41,47761.19,Nagpur
2025-05-26,29.7,35.0,25.2,10.2,11.9,34.6,41054.68,47798.91,Nagpur
2025-05-27,29.1,34.7,25.9,8.5,17.4,40.3,39600.0,47835.14,Nagpur
2025-05-28,28.6,34.6,25.2,6.9,10.9,29.2,28157.0,47870.14,Nagpur
2025-05-29,29.7,35.7,26.3,2.8,14.3,36.7,40367.45,47904.01,Nagpur
2025-05-30,30.7,37.3,27.2,0.7,14.6,38.9,34103.04,47936.72,Nagpur
2025-05-31,31.3,36.9,27.4,0.0,16.5,40.0,43043.04,47968.23,Nagpur
2025-06-01,31.3,37.3,26.0,0.0,14.8,37.4,43551.41,47998.53,Nagpur
2025-06-02,30.8,35.3,25.9,1.0,15.1,38.5,41324.93,48027.56,Nagpur
2025-06-03,31.2,35.5,25.9,0.0,18.7,48.6,43597.74,48055.3,Nagpur
2025-06-04,30.6,36.4,26.8,0.1,11.7,41.4,37004.81,48081.73,Nagpur
2025-06-05,31.6,37.5,26.2,0.1,11.9,28.1,36085.03,48106.8,Nagpur
2025-06-06,33.4,39.1,25.6,0.0,10.3,26.6,43792.41,48130.5,Nagpur
2025-06-07,33.0,37.5,27.8,0.0,16.6,40.7,26411.42,48152.78,Nagpur
2025-06-08,35.5,41.3,29.8,0.1,16.7,42.8,42680.93,48173.62,Nagpur
2025-06-09,36.3,42.5,31.0,0.0,19.5,43.6,43540.33,48192.98,Nagpur
2025-06-10,35.2,42.8,30.3,0.1,15.5,51.5,39600.0,48210.84,Nagpur
2025-06-11,33.2,38.2,28.2,0.0,12.8,38.2,41723.21,48227.17,Nagpur
2025-06-12,33.4,37.8,28.6,0.5,14.7,38.2,39600.0,48241.93,Nagpur
2025-06-13,32.6,37.4,28.2,0.8,10.3,30.6,42984.11,48255.1,Nagpur
2025-06-14,32.6,37.7,26.0,4.4,13.4,35.6,43142.25,48266.65,Nagpur
2025-06-15,31.7,36.9,26.6,0.9,15.4,37.1,40967.52,48276.55,Nagpur
2025-06-16,30.4,35.8,25.5,3.2,21.8,53.3,42578.9,48284.77,Nagpur
2025-06-17,29.0,33.2,25.5,3.3,16.0,42.5,28281.32,48291.38,Nagpur
2025-06-18,30.0,33.9,27.2,1.5,18.7,50.4,39530.28,48296.38,Nagpur
2025-06-19,28.1,33.4,24.8,4.3,24.0,52.9,17554.57,48299.8,Nagpur
2025-06-20,28.6,34.0,24.2,1.8,19.3,52.6,29821.39,48301.64,Nagpur
2025-06-21,29.8,35.0,25.0,15.8,18.5,46.4,41207.91,48301.91,Nagpur
2025-06-22,27.7,32.4,24.6,11.5,20.3,49.7,33319.44,48300.62,Nagpur
2025-06-23,27.7,32.4,25.0,11.5,21.1,53.6,31527.0,48297.79,Nagpur
2025-06-24,27.1,31.5,24.8,17.3,17.0,45.7,19683.38,48293.42,Nagpur
2025-06-25,26.5,30.7,24.2,20.5,12.8,31.7,10734.96,48287.52,Nagpur
2025-06-26,25.8,28.8,24.7,15.8,14.7,32.0,6788.9,48280.11,Nagpur
2025-06-27,27.2,31.1,24.4,3.1,16.0,41.4,12052.35,48271.2,Nagpur
2025-06-28,27.4,31.0,24.5,8.9,17.1,41.8,16243.66,48260.8,Nagpur
2025-06-29,25.4,28.2,23.7,16.9,21.4,55.8,10609.49,48248.93,Nagpur
2025-06-30,25.8,29.0,23.9,34.5,18.5,50.8,15916.44,48235.61,Nagpur
2025-07-01,25.5,27.5,24.1,19.3,15.7,40.0,175.84,48220.84,Nagpur
2025-07-02,26.4,30.4,24.3,5.7,16.1,33.8,4597.33,48204.64,Nagpur
2025-07-03,27.0,31.0,24.4,7.1,14.3,38.2,21433.81,48187.03,Nagpur
2025-07-04,25.9,27.5,24.6,9.0,15.9,37.4,2495.58,48168.01,Nagpur
2025-07-05,27.1,30.2,25.0,2.8,17.3,47.2,17841.31,48147.61,Nagpur
2025-07-06,25.8,27.8,23.8,18.4,19.7,48.6,6398.2,48125.84,Nagpur
2025-07-07,24.0,24.4,23.6,79.5,24.7,50.0,0.0,48102.49,Nagpur
2025-07-08,23.7,25.1,22.8,50.4,21.4,43.9,0.0,48077.51,Nagpur
2025-07-09,24.2,25.7,22.8,42.8,16.8,34.9,1240.49,48050.96,Nagpur
2025-07-10,26.8,30.9,23.1,4.6,18.0,41.8,21971.78,48022.89,Nagpur
2025-07-11,27.4,32.5,24.2,19.0,15.2,41.4,37257.2,47993.34,Nagpur
2025-07-12,27.9,32.1,24.6,2.4,15.4,43.9,41444.1,47962.35,Nagpur
2025-07-13,28.0,31.4,25.4,1.9,14.2,38.5,34804.3,47929.98,Nagpur
2025-07-14,28.2,32.7,25.2,10.5,13.7,36.7,40263.2,47896.29,Nagpur
2025-07-15,28.3,33.1,25.1,4.3,11.6,31.0,39600.0,47861.3,Nagpur
2025-07-16,27.7,31.1,25.5,1.1,9.9,28.4,23110.56,47825.07,Nagpur
2025-07-17,27.3,31.4,24.9,5.9,10.0,29.9,12482.82,47787.66,Nagpur
2025-07-18,27.6,30.8,25.0,1.1,7.7,23.8,31307.07,47749.11,Nagpur
2025-07-19,28.2,31.8,24.0,0.3,9.7,27.0,43122.93,47709.45,Nagpur
2025-07-20,27.5,29.8,25.2,0.7,7.2,19.1,9749.18,47668.74,Nagpur
2025-07-21,28.2,32.4,24.1,5.4,10.4,24.1,31499.72,47627.04,Nagpur
2025-07-22,,,,,,,,47584.37,Nagpur
